-- phpMyAdmin SQL Dump
-- version 4.7.4
-- https://www.phpmyadmin.net/
--
-- Host: 127.0.0.1:3306
-- Generation Time: Mar 08, 2018 at 03:02 PM
-- Server version: 5.7.20-log
-- PHP Version: 5.6.31

SET SQL_MODE = "NO_AUTO_VALUE_ON_ZERO";
SET AUTOCOMMIT = 0;
START TRANSACTION;
SET time_zone = "+00:00";


/*!40101 SET @OLD_CHARACTER_SET_CLIENT=@@CHARACTER_SET_CLIENT */;
/*!40101 SET @OLD_CHARACTER_SET_RESULTS=@@CHARACTER_SET_RESULTS */;
/*!40101 SET @OLD_COLLATION_CONNECTION=@@COLLATION_CONNECTION */;
/*!40101 SET NAMES utf8mb4 */;

--
-- Database: `feelinggood`
--

-- --------------------------------------------------------

--
-- Table structure for table `pics`
--

DROP TABLE IF EXISTS `pics`;
CREATE TABLE IF NOT EXISTS `pics` (
  `id` int(11) NOT NULL AUTO_INCREMENT,
  `type` varchar(20) NOT NULL DEFAULT 'Brides',
  `pics` text NOT NULL,
  `product_name` varchar(100) NOT NULL,
  `product_id` int(11) NOT NULL,
  `pic_number` int(1) NOT NULL,
  PRIMARY KEY (`id`),
  KEY `Foreign key` (`product_id`)
) ENGINE=InnoDB AUTO_INCREMENT=177 DEFAULT CHARSET=utf8;

--
-- Dumping data for table `pics`
--

INSERT INTO `pics` (`id`, `type`, `pics`, `product_name`, `product_id`, `pic_number`) VALUES
(1, 'Brides', 'https://s7d1.scene7.com/is/image/BHLDN/42981423_011_a', 'Opaline Ballgown', 1, 0),
(2, 'Brides', 'https://s7d1.scene7.com/is/image/BHLDN/42981423_011_b', 'Opaline Ballgown', 1, 1),
(3, 'Brides', 'https://s7d1.scene7.com/is/image/BHLDN/42981423_011_c', 'Opaline Ballgown', 1, 2),
(4, 'Brides', 'https://s7d1.scene7.com/is/image/BHLDN/42904383_011_a', 'Heritage Gown', 2, 0),
(5, 'Brides', 'https://s7d1.scene7.com/is/image/BHLDN/42904383_011_b', 'Heritage Gown', 2, 1),
(6, 'Brides', 'https://s7d1.scene7.com/is/image/BHLDN/42904383_011_c', 'Heritage Gown', 2, 2),
(7, 'Brides', 'https://s7d1.scene7.com/is/image/BHLDN/42604991_011_a', 'Jayne Dress', 3, 0),
(8, 'Brides', 'https://s7d1.scene7.com/is/image/BHLDN/42604991_011_b', 'Jayne Dress', 3, 1),
(9, 'Brides', 'https://s7d1.scene7.com/is/image/BHLDN/42604991_011_c', 'Jayne Dress', 3, 2),
(10, 'Brides', 'https://s7d1.scene7.com/is/image/BHLDN/30318646_011_a', 'Dakota Gown', 4, 0),
(11, 'Brides', 'https://s7d1.scene7.com/is/image/BHLDN/30318646_011_b', 'Dakota Gown', 4, 1),
(12, 'Brides', 'https://s7d1.scene7.com/is/image/BHLDN/30318646_rwe', 'Dakota Gown', 4, 2),
(13, 'Brides', 'https://s7d1.scene7.com/is/image/BHLDN/44639615_011_a', 'Lucca Gown', 5, 0),
(14, 'Brides', 'https://s7d1.scene7.com/is/image/BHLDN/44639615_011_b', 'Lucca Gown', 5, 1),
(15, 'Brides', 'https://s7d1.scene7.com/is/image/BHLDN/44639615_011_c', 'Lucca Gown', 5, 2),
(16, 'Brides', 'https://s7d1.scene7.com/is/image/BHLDN/43377407_011_a', 'Placid Gown', 6, 0),
(17, 'Brides', 'https://s7d1.scene7.com/is/image/BHLDN/43377407_011_b', 'Placid Gown', 6, 1),
(18, 'Brides', 'https://s7d1.scene7.com/is/image/BHLDN/43377407_011_c', 'Placid Gown', 6, 2),
(19, 'Brides', 'https://s7d1.scene7.com/is/image/BHLDN/43602531_011_a', 'Rowena Gown', 7, 0),
(20, 'Brides', 'https://s7d1.scene7.com/is/image/BHLDN/43602531_011_b', 'Rowena Gown', 7, 1),
(21, 'Brides', 'https://s7d1.scene7.com/is/image/BHLDN/43602531_011_c', 'Rowena Gown', 7, 2),
(22, 'Brides', 'https://s7d1.scene7.com/is/image/BHLDN/41950916_011_a', 'Sascha Gown', 8, 0),
(23, 'Brides', 'https://s7d1.scene7.com/is/image/BHLDN/41950916_011_b', 'Sascha Gown', 8, 1),
(24, 'Brides', 'https://s7d1.scene7.com/is/image/BHLDN/41950916_011_c', 'Sascha Gown', 8, 2),
(25, 'Brides', 'https://s7d1.scene7.com/is/image/BHLDN/36104636_011_d', 'Bridgette Gown', 9, 0),
(26, 'Brides', 'https://s7d1.scene7.com/is/image/BHLDN/36104636_011_b', 'Bridgette Gown', 9, 1),
(27, 'Brides', 'https://s7d1.scene7.com/is/image/BHLDN/36104636_011_c', 'Bridgette Gown', 9, 2),
(28, 'Brides', 'https://s7d1.scene7.com/is/image/BHLDN/33175589_011_a', 'Adelaide Gown', 10, 0),
(29, 'Brides', 'https://s7d1.scene7.com/is/image/BHLDN/33175589_011_b', 'Adelaide Gown', 10, 1),
(30, 'Brides', 'https://s7d1.scene7.com/is/image/BHLDN/33175589_011_c', 'Adelaide Gown', 10, 2),
(31, 'Brides', 'https://s7d1.scene7.com/is/image/BHLDN/38613352_013_a', 'Naya Dress', 11, 0),
(32, 'Brides', 'https://s7d1.scene7.com/is/image/BHLDN/38613352_013_b', 'Naya Dress', 11, 1),
(33, 'Brides', 'https://s7d1.scene7.com/is/image/BHLDN/38613352_013_c', 'Naya Dress', 11, 2),
(34, 'Brides', 'https://s7d1.scene7.com/is/image/BHLDN/44054005_011_a', 'Avalon Gown', 12, 0),
(35, 'Brides', 'https://s7d1.scene7.com/is/image/BHLDN/44054005_011_b', 'Avalon Gown', 12, 1),
(36, 'Brides', 'https://s7d1.scene7.com/is/image/BHLDN/44054005_011_c', 'Avalon Gown', 12, 2),
(37, 'Brides', 'https://s7d1.scene7.com/is/image/BHLDN/40563561_011_b', 'Delancey Gown', 13, 0),
(38, 'Brides', 'https://s7d1.scene7.com/is/image/BHLDN/40563561_011_a', 'Delancey Gown', 13, 1),
(39, 'Brides', 'https://s7d1.scene7.com/is/image/BHLDN/40563561_011_c', 'Delancey Gown', 13, 2),
(40, 'Brides', 'https://s7d1.scene7.com/is/image/BHLDN/44050177_065_a', 'Kennedy Gown', 14, 0),
(41, 'Brides', 'https://s7d1.scene7.com/is/image/BHLDN/44050177_065_b', 'Kennedy Gown', 14, 1),
(42, 'Brides', 'https://s7d1.scene7.com/is/image/BHLDN/44050177_065_c', 'Kennedy Gown', 14, 2),
(43, 'Brides', 'https://s7d1.scene7.com/is/image/BHLDN/20170818_sydneymarcieivory_a', 'Sydney Top & Marcie Skirt', 15, 0),
(44, 'Brides', 'https://s7d1.scene7.com/is/image/BHLDN/20170818_sydneymarcieivory_b', 'Sydney Top & Marcie Skirt', 15, 1),
(45, 'Brides', 'https://s7d1.scene7.com/is/image/BHLDN/20170818_sydneymarcieivory_c', 'Sydney Top & Marcie Skirt', 15, 2),
(46, 'Brides', 'https://s7d1.scene7.com/is/image/BHLDN/45400165_011_a', 'Gwyneth Dress', 16, 0),
(47, 'Brides', 'https://s7d1.scene7.com/is/image/BHLDN/45400165_011_b', 'Gwyneth Dress', 16, 1),
(48, 'Brides', 'https://s7d1.scene7.com/is/image/BHLDN/45400165_011_c', 'Gwyneth Dress', 16, 2),
(49, 'Brides', 'https://s7d1.scene7.com/is/image/BHLDN/43974559_011_a', 'Michelle Dress', 17, 0),
(50, 'Brides', 'https://s7d1.scene7.com/is/image/BHLDN/43974559_011_b', 'Michelle Dress', 17, 1),
(51, 'Brides', 'https://s7d1.scene7.com/is/image/BHLDN/43974559_011_c', 'Michelle Dress', 17, 2),
(52, 'Brides', 'https://s7d1.scene7.com/is/image/BHLDN/44655074_011_a', 'Turner Gown', 19, 0),
(53, 'Brides', 'https://s7d1.scene7.com/is/image/BHLDN/44655074_011_b', 'Turner Gown', 19, 1),
(54, 'Brides', 'https://s7d1.scene7.com/is/image/BHLDN/44655074_011_c', 'Turner Gown', 19, 2),
(55, 'Bridesmaids', 'https://s7d1.scene7.com/is/image/BHLDN/45602331_032_a', 'Lena Dress', 20, 0),
(56, 'Bridesmaids', 'https://s7d1.scene7.com/is/image/BHLDN/45602331_032_b', 'Lena Dress', 20, 1),
(57, 'Bridesmaids', 'https://s7d1.scene7.com/is/image/BHLDN/45602133_041_a', 'Lena Dress', 20, 2),
(58, 'Bridesmaids', 'https://s7d1.scene7.com/is/image/BHLDN/45324662_060_c', 'Selina Dress', 21, 0),
(59, 'Bridesmaids', 'https://s7d1.scene7.com/is/image/BHLDN/45324662_060_a', 'Selina Dress', 21, 1),
(60, 'Bridesmaids', 'https://s7d1.scene7.com/is/image/BHLDN/45324662_060_b', 'Selina Dress', 21, 2),
(61, 'Bridesmaids', 'https://s7d1.scene7.com/is/image/BHLDN/44192763_065_a', 'Scarlett Dress', 22, 0),
(62, 'Bridesmaids', 'https://s7d1.scene7.com/is/image/BHLDN/44192763_065_b', 'Scarlett Dress', 22, 1),
(63, 'Bridesmaids', 'https://s7d1.scene7.com/is/image/BHLDN/44192763_065_c', 'Scarlett Dress', 22, 2),
(64, 'Bridesmaids', 'https://s7d1.scene7.com/is/image/BHLDN/44075802_041_a', 'Lazy Daisy Dress', 23, 0),
(65, 'Bridesmaids', 'https://s7d1.scene7.com/is/image/BHLDN/44075802_041_b', 'Lazy Daisy Dress', 23, 1),
(66, 'Bridesmaids', 'https://s7d1.scene7.com/is/image/BHLDN/44075802_041_a', 'Lazy Daisy Dress', 23, 2),
(67, 'Bridesmaids', 'https://s7d1.scene7.com/is/image/BHLDN/45391976_032_a', 'Tess Dress', 24, 0),
(68, 'Bridesmaids', 'https://s7d1.scene7.com/is/image/BHLDN/45391976_032_b', 'Tess Dress', 24, 1),
(69, 'Bridesmaids', 'https://s7d1.scene7.com/is/image/BHLDN/45392420_060_a', 'Tess Dress', 24, 2),
(70, 'Bridesmaids', 'https://s7d1.scene7.com/is/image/BHLDN/45533163_001_a', 'Mareeka Dress', 25, 0),
(71, 'Bridesmaids', 'https://s7d1.scene7.com/is/image/BHLDN/45533163_001_b', 'Mareeka Dress', 25, 1),
(72, 'Bridesmaids', 'https://s7d1.scene7.com/is/image/BHLDN/45533163_001_b', 'Mareeka Dress', 25, 2),
(73, 'Bridesmaids', 'https://s7d1.scene7.com/is/image/BHLDN/45534062_053_a', 'Cydney Dress', 26, 0),
(74, 'Bridesmaids', 'https://s7d1.scene7.com/is/image/BHLDN/45534062_053_b', 'Cydney Dress', 26, 1),
(75, 'Bridesmaids', 'https://s7d1.scene7.com/is/image/BHLDN/45534062_053_c', 'Cydney Dress', 26, 2),
(76, 'Bridesmaids', 'https://s7d1.scene7.com/is/image/BHLDN/44667004_034_a', 'Brigitte Dress', 27, 0),
(78, 'Bridesmaids', 'https://s7d1.scene7.com/is/image/BHLDN/44667004_034_b', 'Brigitte Dress', 27, 1),
(79, 'Bridesmaids', 'https://s7d1.scene7.com/is/image/BHLDN/44666667_060_b', 'Brigitte Dress', 27, 2),
(80, 'Bridesmaids', 'https://s7d1.scene7.com/is/image/BHLDN/44682995_041_a', 'Calypso Dress', 28, 0),
(81, 'Bridesmaids', 'https://s7d1.scene7.com/is/image/BHLDN/44682995_041_b', 'Calypso Dress', 28, 1),
(82, 'Bridesmaids', 'https://s7d1.scene7.com/is/image/BHLDN/44682995_041_a', 'Calypso Dress', 28, 2),
(83, 'Bridesmaids', 'https://s7d1.scene7.com/is/image/BHLDN/44054161_067_a', 'Luciana Dress', 29, 0),
(84, 'Bridesmaids', 'https://s7d1.scene7.com/is/image/BHLDN/44054161_067_b', 'Luciana Dress', 29, 1),
(85, 'Bridesmaids', 'https://s7d1.scene7.com/is/image/BHLDN/44054161_067_a', 'Luciana Dress', 29, 2),
(86, 'Bridesmaids', 'https://s7d1.scene7.com/is/image/BHLDN/43072255_041_a', 'Karlie Dress', 30, 0),
(87, 'Bridesmaids', 'https://s7d1.scene7.com/is/image/BHLDN/43072255_041_b', 'Karlie Dress', 30, 1),
(88, 'Bridesmaids', 'https://s7d1.scene7.com/is/image/BHLDN/43072255_041_a', 'Karlie Dress', 30, 2),
(89, 'Bridesmaids', 'https://s7d1.scene7.com/is/image/BHLDN/44051779_045_a', 'Hibiscus Dress', 31, 0),
(90, 'Bridesmaids', 'https://s7d1.scene7.com/is/image/BHLDN/44051779_045_b', 'Hibiscus Dress', 31, 1),
(91, 'Bridesmaids', 'https://s7d1.scene7.com/is/image/BHLDN/44051779_045_a', 'Hibiscus Dress', 31, 2),
(92, 'Bridesmaids', 'https://s7d1.scene7.com/is/image/BHLDN/44054328_018_a', 'Hewitt Dress', 32, 0),
(93, 'Bridesmaids', 'https://s7d1.scene7.com/is/image/BHLDN/44054328_018_b', 'Hewitt Dress', 32, 1),
(94, 'Bridesmaids', 'https://s7d1.scene7.com/is/image/BHLDN/44054328_018_a', 'Hewitt Dress', 32, 2),
(95, 'Bridesmaids', 'https://s7d1.scene7.com/is/image/BHLDN/43854066_032_a', 'Nevado Dress', 33, 0),
(96, 'Bridesmaids', 'https://s7d1.scene7.com/is/image/BHLDN/43854066_032_b', 'Nevado Dress', 33, 1),
(97, 'Bridesmaids', 'https://s7d1.scene7.com/is/image/BHLDN/43854066_032_a', 'Nevado Dress', 33, 2),
(98, 'Bridesmaids', 'https://s7d1.scene7.com/is/image/BHLDN/44431427_065_a', 'Amada Dress', 34, 0),
(99, 'Bridesmaids', 'https://s7d1.scene7.com/is/image/BHLDN/44431427_065_b', 'Amada Dress', 34, 1),
(100, 'Bridesmaids', 'https://s7d1.scene7.com/is/image/BHLDN/44431427_065_c', 'Amada Dress', 34, 2),
(101, 'Bridesmaids', 'https://s7d1.scene7.com/is/image/BHLDN/45324282_041_a', 'Ansel Dress', 35, 0),
(102, 'Bridesmaids', 'https://s7d1.scene7.com/is/image/BHLDN/45324282_041_b', 'Ansel Dress', 35, 1),
(103, 'Bridesmaids', 'https://s7d1.scene7.com/is/image/BHLDN/45324282_041_a', 'Ansel Dress', 35, 2),
(104, 'Bridesmaids', 'https://s7d1.scene7.com/is/image/BHLDN/45108727_001_a', 'Sabrina Dress', 36, 0),
(105, 'Bridesmaids', 'https://s7d1.scene7.com/is/image/BHLDN/45108727_001_b', 'Sabrina Dress', 36, 1),
(106, 'Bridesmaids', 'https://s7d1.scene7.com/is/image/BHLDN/45108727_001_a', 'Sabrina Dress', 36, 2),
(107, 'Bridesmaids', 'https://s7d1.scene7.com/is/image/BHLDN/42878850_053_a', 'Kane Dress', 37, 0),
(108, 'Bridesmaids', 'https://s7d1.scene7.com/is/image/BHLDN/42878850_053_b', 'Kane Dress', 37, 1),
(109, 'Bridesmaids', 'https://s7d1.scene7.com/is/image/BHLDN/42878850_053_c', 'Kane Dress', 37, 2),
(110, 'Shoes', 'http://images.asos-media.com/products/true-decadence-off-white-embellished-t-bar-court-shoes/8552433-1-offwhite', 'True Decadence Off White Embellished T-Bar Court Shoes', 38, 0),
(111, 'Shoes', 'http://images.asos-media.com/products/true-decadence-off-white-embellished-t-bar-court-shoes/8552433-2', 'True Decadence Off White Embellished T-Bar Court Shoes', 38, 1),
(112, 'Shoes', 'http://images.asos-media.com/products/true-decadence-off-white-embellished-t-bar-court-shoes/8552433-4', 'True Decadence Off White Embellished T-Bar Court Shoes', 38, 2),
(113, 'Shoes', 'http://images.asos-media.com/products/asos-summer-mid-heels/8825503-1-silverglitter', 'ASOS SUMMER Mid Heels', 39, 0),
(114, 'Shoes', 'http://images.asos-media.com/products/asos-summer-mid-heels/8825503-2', 'ASOS SUMMER Mid Heels', 39, 1),
(115, 'Shoes', 'http://images.asos-media.com/products/asos-summer-mid-heels/8825503-3', 'ASOS SUMMER Mid Heels', 39, 2),
(116, 'Shoes', 'http://images.asos-media.com/products/glamorous-dorsay-yellow-cut-out-court-shoes/8391295-1-yellow', 'Glamorous D\'Orsay Yellow Cut Out Court Shoes', 40, 0),
(117, 'Shoes', 'http://images.asos-media.com/products/glamorous-dorsay-yellow-cut-out-court-shoes/8391295-2', 'Glamorous D\'Orsay Yellow Cut Out Court Shoes', 40, 1),
(118, 'Shoes', 'http://images.asos-media.com/products/glamorous-dorsay-yellow-cut-out-court-shoes/8391295-4', 'Glamorous D\'Orsay Yellow Cut Out Court Shoes', 40, 2),
(119, 'Shoes', 'http://images.asos-media.com/products/asos-simply-block-mid-heels/8668644-1-glitter', 'ASOS SIMPLY Block Mid Heels', 41, 0),
(120, 'Shoes', 'http://images.asos-media.com/products/asos-simply-block-mid-heels/8668644-2', 'ASOS SIMPLY Block Mid Heels', 41, 1),
(121, 'Shoes', 'http://images.asos-media.com/products/asos-simply-block-mid-heels/8668644-3', 'ASOS SIMPLY Block Mid Heels', 41, 2),
(122, 'Shoes', 'http://images.asos-media.com/products/true-decadence-metallic-heeled-sandal/8804199-1-champagne', 'True Decadence Metallic Heeled Sandal', 42, 0),
(123, 'Shoes', 'http://images.asos-media.com/products/true-decadence-metallic-heeled-sandal/8804199-2', 'True Decadence Metallic Heeled Sandal', 42, 1),
(124, 'Shoes', 'http://images.asos-media.com/products/true-decadence-metallic-heeled-sandal/8804199-4', 'True Decadence Metallic Heeled Sandal', 42, 2),
(125, 'Shoes', 'http://images.asos-media.com/products/mango-red-pointed-court-shoe/8683073-1-red', 'Mango Red Pointed Court Shoe', 43, 0),
(126, 'Shoes', 'http://images.asos-media.com/products/mango-red-pointed-court-shoe/8683073-2', 'Mango Red Pointed Court Shoe', 43, 1),
(127, 'Shoes', 'http://images.asos-media.com/products/mango-red-pointed-court-shoe/8683073-4', 'Mango Red Pointed Court Shoe', 43, 2),
(128, 'Shoes', 'http://images.asos-media.com/products/asos-strike-mid-heels/8825517-1-coral', 'ASOS STRIKE Mid Heels', 44, 0),
(129, 'Shoes', 'http://images.asos-media.com/products/asos-strike-mid-heels/8825517-2', 'ASOS STRIKE Mid Heels', 44, 1),
(130, 'Shoes', 'http://images.asos-media.com/products/asos-strike-mid-heels/8825517-4', 'ASOS STRIKE Mid Heels', 44, 2),
(131, 'Shoes', 'http://images.asos-media.com/products/river-island-toe-post-embellished-jelly-flat-sandals/8491141-1-gold', 'River Island Toe Post Embellished Jelly Flat Sandals', 45, 0),
(132, 'Shoes', 'http://images.asos-media.com/products/river-island-toe-post-embellished-jelly-flat-sandals/8491141-2', 'River Island Toe Post Embellished Jelly Flat Sandals', 45, 1),
(133, 'Shoes', 'http://images.asos-media.com/products/river-island-toe-post-embellished-jelly-flat-sandals/8491141-4', 'River Island Toe Post Embellished Jelly Flat Sandals', 45, 2),
(134, 'Shoes', 'http://images.asos-media.com/products/asos-sage-mid-heels/7480011-1-silverglitter', 'ASOS SAGE Mid Heels', 46, 0),
(135, 'Shoes', 'http://images.asos-media.com/products/asos-sage-mid-heels/7480011-2', 'ASOS SAGE Mid Heels', 46, 1),
(136, 'Shoes', 'http://images.asos-media.com/products/asos-sage-mid-heels/7480011-4', 'ASOS SAGE Mid Heels', 46, 2),
(137, 'Shoes', 'http://images.asos-media.com/products/new-look-cross-front-pointed-heeled-shoes/8123295-1-offwhite', 'New Look Cross Front Pointed Heeled Shoes', 47, 0),
(138, 'Shoes', 'http://images.asos-media.com/products/new-look-cross-front-pointed-heeled-shoes/8123295-2', 'New Look Cross Front Pointed Heeled Shoes', 47, 1),
(139, 'Shoes', 'http://images.asos-media.com/products/new-look-cross-front-pointed-heeled-shoes/8123295-3', 'New Look Cross Front Pointed Heeled Shoes', 47, 2),
(140, 'Shoes', 'http://images.asos-media.com/products/new-look-shimmer-2-part-low-heel-sandal/9004596-1-silver', 'New Look Shimmer 2-Part Low Heel Sandal', 48, 0),
(141, 'Shoes', 'http://images.asos-media.com/products/new-look-shimmer-2-part-low-heel-sandal/9004596-2', 'New Look Shimmer 2-Part Low Heel Sandal', 48, 1),
(142, 'Shoes', 'http://images.asos-media.com/products/new-look-shimmer-2-part-low-heel-sandal/9004596-3', 'New Look Shimmer 2-Part Low Heel Sandal', 48, 2),
(143, 'Shoes', 'http://images.asos-media.com/products/asos-faithfully-embellished-leather-flat-sandals/7792792-1-tan', 'ASOS FAITHFULLY Embellished Leather Flat Sandals', 49, 0),
(144, 'Shoes', 'http://images.asos-media.com/products/asos-faithfully-embellished-leather-flat-sandals/7792792-2', 'ASOS FAITHFULLY Embellished Leather Flat Sandals', 49, 1),
(145, 'Shoes', 'http://images.asos-media.com/products/asos-faithfully-embellished-leather-flat-sandals/7792792-3', 'ASOS FAITHFULLY Embellished Leather Flat Sandals', 49, 2),
(146, 'Shoes', 'http://images.asos-media.com/products/asos-story-book-mid-heels/8012717-1-glitterpatent', 'ASOS STORY BOOK Mid Heels', 50, 0),
(147, 'Shoes', 'http://images.asos-media.com/products/asos-story-book-mid-heels/8012717-2', 'ASOS STORY BOOK Mid Heels', 50, 1),
(148, 'Shoes', 'http://images.asos-media.com/products/asos-story-book-mid-heels/8012717-4', 'ASOS STORY BOOK Mid Heels', 50, 2),
(149, 'Shoes', 'http://images.asos-media.com/products/asos-phantom-high-heels/8629120-1-goldglitter', 'ASOS PHANTOM High Heels', 51, 0),
(150, 'Shoes', 'http://images.asos-media.com/products/asos-phantom-high-heels/8629120-2', 'ASOS PHANTOM High Heels', 51, 1),
(151, 'Shoes', 'http://images.asos-media.com/products/asos-phantom-high-heels/8629120-3', 'ASOS PHANTOM High Heels', 51, 2),
(155, 'Shoes', 'http://images.asos-media.com/products/asos-hitched-bridal-embellished-heeled-sandals/8630823-1-ivory', 'ASOS HITCHED Bridal Embellished Heeled Sandals', 52, 0),
(156, 'Shoes', 'http://images.asos-media.com/products/asos-hitched-bridal-embellished-heeled-sandals/8630823-2', 'ASOS HITCHED Bridal Embellished Heeled Sandals', 52, 1),
(157, 'Shoes', 'http://images.asos-media.com/products/asos-hitched-bridal-embellished-heeled-sandals/8630823-3', 'ASOS HITCHED Bridal Embellished Heeled Sandals', 52, 2),
(158, 'Shoes', 'http://images.asos-media.com/products/kg-by-kurt-geiger-estha-strap-sparkle-court-shoes/8131480-1-metalcomb', 'KG by Kurt Geiger Estha Strap Sparkle Court Shoes', 53, 0),
(159, 'Shoes', 'http://images.asos-media.com/products/kg-by-kurt-geiger-estha-strap-sparkle-court-shoes/8131480-2', 'KG by Kurt Geiger Estha Strap Sparkle Court Shoes', 53, 1),
(160, 'Shoes', 'http://images.asos-media.com/products/kg-by-kurt-geiger-estha-strap-sparkle-court-shoes/8131480-3', 'KG by Kurt Geiger Estha Strap Sparkle Court Shoes', 53, 2),
(161, 'Shoes', 'http://images.asos-media.com/products/true-decadence-t-bar-heeled-shoes/7649832-1-champagnesatin', 'True Decadence T-Bar Heeled Shoes', 54, 0),
(162, 'Shoes', 'http://images.asos-media.com/products/true-decadence-t-bar-heeled-shoes/7649832-2', 'True Decadence T-Bar Heeled Shoes', 54, 1),
(163, 'Shoes', 'http://images.asos-media.com/products/true-decadence-t-bar-heeled-shoes/7649832-3', 'True Decadence T-Bar Heeled Shoes', 54, 2),
(174, 'Shoes', 'http://images.asos-media.com/products/head-over-heels-by-dune-allice-leopard-print-pointed-court-shoes/8208508-1-multi', 'Head Over Heels by Dune Allice Leopard Print Pointed Court Shoes', 55, 0),
(175, 'Shoes', 'http://images.asos-media.com/products/head-over-heels-by-dune-allice-leopard-print-pointed-court-shoes/8208508-2', 'Head Over Heels by Dune Allice Leopard Print Pointed Court Shoes', 55, 1),
(176, 'Shoes', 'http://images.asos-media.com/products/head-over-heels-by-dune-allice-leopard-print-pointed-court-shoes/8208508-4', 'Head Over Heels by Dune Allice Leopard Print Pointed Court Shoes', 55, 2);

-- --------------------------------------------------------

--
-- Table structure for table `products`
--

DROP TABLE IF EXISTS `products`;
CREATE TABLE IF NOT EXISTS `products` (
  `id` int(11) NOT NULL AUTO_INCREMENT,
  `type` varchar(20) NOT NULL DEFAULT 'Brides',
  `name` varchar(200) NOT NULL,
  `designer` varchar(200) NOT NULL,
  `cost` decimal(6,2) NOT NULL,
  `currency` varchar(3) NOT NULL,
  `rating` decimal(4,2) NOT NULL,
  `link` text NOT NULL,
  PRIMARY KEY (`id`)
) ENGINE=InnoDB AUTO_INCREMENT=56 DEFAULT CHARSET=utf8;

--
-- Dumping data for table `products`
--

INSERT INTO `products` (`id`, `type`, `name`, `designer`, `cost`, `currency`, `rating`, `link`) VALUES
(1, 'Brides', 'Opaline Ballgown', 'https://www.bhldn.com/resources/bhldn/images/layout/logo_bhldn_dark_grey.svg', '1450.00', 'USD', '4.50', 'https://www.bhldn.com/product/opaline-ballgown'),
(2, 'Brides', 'Heritage Gown', 'https://www.bhldn.com/resources/bhldn/images/layout/logo_bhldn_dark_grey.svg', '975.00', 'USD', '4.90', 'https://www.bhldn.com/product/heritage-gown'),
(3, 'Brides', 'Jayne Dress', 'https://www.bhldn.com/resources/bhldn/images/layout/logo_bhldn_dark_grey.svg', '60.00', 'USD', '2.90', 'https://www.bhldn.com/product/jayne-dress'),
(4, 'Brides', 'Dakota Gown', 'https://www.bhldn.com/resources/bhldn/images/layout/logo_bhldn_dark_grey.svg', '400.00', 'USD', '4.30', 'https://www.bhldn.com/product/dakota-gown'),
(5, 'Brides', 'Lucca Gown', 'https://www.bhldn.com/resources/bhldn/images/layout/logo_bhldn_dark_grey.svg', '900.00', 'USD', '4.90', 'https://www.bhldn.com/bride-wedding-dresses-spirited-bohemian-collection/lucca-gown-ivory/'),
(6, 'Brides', 'Placid Gown', 'https://www.bhldn.com/resources/bhldn/images/layout/logo_bhldn_dark_grey.svg', '650.00', 'USD', '4.90', 'https://www.bhldn.com/product/placid-gown'),
(7, 'Brides', 'Rowena Gown', 'https://www.bhldn.com/resources/bhldn/images/layout/logo_bhldn_dark_grey.svg', '1215.00', 'USD', '4.20', 'https://www.bhldn.com/bride-wedding-dresses-winter-wedding-looks/rowena-gown/'),
(8, 'Brides', 'Sascha Gown', 'https://www.bhldn.com/resources/bhldn/images/layout/logo_bhldn_dark_grey.svg', '400.00', 'USD', '0.00', 'https://www.bhldn.com/product/sascha-gown'),
(9, 'Brides', 'Bridgette Gown', 'https://www.bhldn.com/resources/bhldn/images/layout/logo_bhldn_dark_grey.svg', '800.00', 'USD', '4.30', 'https://www.bhldn.com/shop-the-bride-wedding-dresses/bridgette-gown/'),
(10, 'Brides', 'Adelaide Gown', 'https://www.bhldn.com/resources/bhldn/images/layout/logo_bhldn_dark_grey.svg', '2000.00', 'USD', '4.80', 'https://www.bhldn.com/bride/adelaide-gown'),
(11, 'Brides', 'Naya Dress', 'https://www.bhldn.com/resources/bhldn/images/layout/logo_bhldn_dark_grey.svg', '250.00', 'USD', '4.50', 'https://www.bhldn.com/product/naya-dress'),
(12, 'Brides', 'Avalon Gown', 'https://www.bhldn.com/resources/bhldn/images/layout/logo_bhldn_dark_grey.svg', '360.00', 'USD', '4.00', 'https://www.bhldn.com/shop-the-bride-wedding-dresses-back-detail/avalon-gown'),
(13, 'Brides', 'Delancey Gown', 'https://www.bhldn.com/resources/bhldn/images/layout/logo_bhldn_dark_grey.svg', '700.00', 'USD', '4.70', 'https://www.bhldn.com/product/delancey-gown'),
(14, 'Brides', 'Kennedy Gown', 'https://www.bhldn.com/resources/bhldn/images/layout/logo_bhldn_dark_grey.svg', '498.00', 'USD', '0.00', 'https://www.bhldn.com/shop-the-bride-wedding-dresses/kennedy-gown/'),
(15, 'Brides', 'Sydney Top & Marcie Skirt', 'https://www.bhldn.com/resources/bhldn/images/layout/logo_bhldn_dark_grey.svg', '180.00', 'USD', '0.00', 'https://www.bhldn.com/bride-bridal-separates/sydney-top-marcie-skirt'),
(16, 'Brides', 'Gwyneth Dress', 'https://www.bhldn.com/resources/bhldn/images/layout/logo_bhldn_dark_grey.svg', '280.00', 'USD', '0.00', 'https://www.bhldn.com/bride-wedding-dresses-modern-looks/gwyneth-dress-ivory/'),
(17, 'Brides', 'Michelle Dress', 'https://www.bhldn.com/resources/bhldn/images/layout/logo_bhldn_dark_grey.svg', '650.00', 'USD', '0.00', 'https://www.bhldn.com/product/michelle-dress/'),
(19, 'Brides', 'Turner Gown', 'https://www.bhldn.com/resources/bhldn/images/layout/logo_bhldn_dark_grey.svg', '700.00', 'USD', '0.00', 'https://www.bhldn.com/product/turner-gown'),
(20, 'Bridesmaids', 'Lena Dress', 'https://www.bhldn.com/resources/bhldn/images/layout/logo_bhldn_dark_grey.svg', '198.00', 'USD', '0.00', 'https://www.bhldn.com/occasion-dresses-view-all-dresses/lena-dress-emerald/'),
(21, 'Bridesmaids', 'Selina Dress', 'https://www.bhldn.com/resources/bhldn/images/layout/logo_bhldn_dark_grey.svg', '220.00', 'USD', '0.00', 'https://www.bhldn.com/occasion-dresses-view-all-dresses/selina-dress-port'),
(22, 'Bridesmaids', 'Scarlett Dress', 'https://www.bhldn.com/resources/bhldn/images/layout/logo_bhldn_dark_grey.svg', '220.00', 'USD', '0.00', 'https://www.bhldn.com/occasion-dresses-view-all-dresses/scarlett-dress-rose-gold/\r\n'),
(23, 'Bridesmaids', 'Lazy Daisy Dress', 'https://www.bhldn.com/resources/bhldn/images/layout/logo_bhldn_dark_grey.svg', '400.00', 'USD', '4.30', 'https://www.bhldn.com/occasion-dresses-view-all-dresses/lazy-daisy-dress/\r\n'),
(24, 'Bridesmaids', 'Tess Dress', 'https://www.bhldn.com/resources/bhldn/images/layout/logo_bhldn_dark_grey.svg', '198.00', 'USD', '0.00', 'https://www.bhldn.com/occasion-dresses-view-all-dresses/tess-dress-emerald'),
(25, 'Bridesmaids', 'Mareeka Dress', 'https://www.bhldn.com/resources/bhldn/images/layout/logo_bhldn_dark_grey.svg', '385.00', 'USD', '0.00', 'https://www.bhldn.com/occasion-dresses-view-all-dresses/mareeka-dress'),
(26, 'Bridesmaids', 'Cydney Dress', 'https://www.bhldn.com/resources/bhldn/images/layout/logo_bhldn_dark_grey.svg', '800.00', 'USD', '4.20', 'https://www.bhldn.com/occasion-dresses-view-all-dresses/cydney-dress/'),
(27, 'Bridesmaids', 'Brigitte Dress', 'https://www.bhldn.com/resources/bhldn/images/layout/logo_bhldn_dark_grey.svg', '148.00', 'USD', '0.00', 'https://www.bhldn.com/bridesmaids-maid-for-each-other-boho-chic/brigitte-dress-lime/'),
(28, 'Bridesmaids', 'Calypso Dress', 'https://www.bhldn.com/resources/bhldn/images/layout/logo_bhldn_dark_grey.svg', '140.00', 'USD', '0.00', '  https://www.bhldn.com/occasion-dresses-view-all-dresses/calypso-dress-navy'),
(29, 'Bridesmaids', 'Luciana Dress', 'https://www.bhldn.com/resources/bhldn/images/layout/logo_bhldn_dark_grey.svg', '320.00', 'USD', '0.00', '  https://www.bhldn.com/occasion-dresses-view-all-dresses/luciana-dress'),
(30, 'Bridesmaids', 'Karlie Dress', 'https://www.bhldn.com/resources/bhldn/images/layout/logo_bhldn_dark_grey.svg', '230.00', 'USD', '4.10', '  https://www.bhldn.com/bridal-party/karlie-dress-navy/'),
(31, 'Bridesmaids', 'Hibiscus Dress', 'https://www.bhldn.com/resources/bhldn/images/layout/logo_bhldn_dark_grey.svg', '240.00', 'USD', '0.00', 'https://www.bhldn.com/occasion-dresses-view-all-dresses/hibiscus-dress-aquan-mist/'),
(32, 'Bridesmaids', 'Hewitt Dress', 'https://www.bhldn.com/resources/bhldn/images/layout/logo_bhldn_dark_grey.svg', '280.00', 'USD', '4.90', 'https://www.bhldn.com/product/hewitt-dress'),
(33, 'Bridesmaids', 'Nevado Dress', 'https://www.bhldn.com/resources/bhldn/images/layout/logo_bhldn_dark_grey.svg', '260.00', 'USD', '0.00', 'https://www.bhldn.com/occasion-dresses-view-all-dresses/nevado-dress/'),
(34, 'Bridesmaids', 'Amada Dress', 'https://www.bhldn.com/resources/bhldn/images/layout/logo_bhldn_dark_grey.svg', '280.00', 'USD', '4.90', 'https://www.bhldn.com/occasion-dresses-view-all-dresses/amada-dress-peony'),
(35, 'Bridesmaids', 'Ansel Dress', 'https://www.bhldn.com/resources/bhldn/images/layout/logo_bhldn_dark_grey.svg', '180.00', 'USD', '0.00', 'https://www.bhldn.com/bridal-party/ansel-dress-navy/'),
(36, 'Bridesmaids', 'Sabrina Dress', 'https://www.bhldn.com/resources/bhldn/images/layout/logo_bhldn_dark_grey.svg', '395.00', 'USD', '0.00', 'https://www.bhldn.com/occasion-dresses-view-all-dresses/sabrina-dress'),
(37, 'Bridesmaids', 'Kane Dress', 'https://www.bhldn.com/resources/bhldn/images/layout/logo_bhldn_dark_grey.svg', '220.00', 'USD', '0.00', 'https://www.bhldn.com/modern/kane-dress-victorian'),
(38, 'Shoes', 'True Decadence Off White Embellished T-Bar Court Shoes', 'https://upload.wikimedia.org/wikipedia/commons/thumb/a/a8/Asos.svg/2000px-Asos.svg.png', '36.00', 'GBP', '0.00', 'http://www.asos.com/true-decadence/true-decadence-off-white-embellished-t-bar-court-shoes/prd/8552433'),
(39, 'Shoes', 'ASOS SUMMER Mid Heels', 'https://upload.wikimedia.org/wikipedia/commons/thumb/a/a8/Asos.svg/2000px-Asos.svg.png', '28.00', 'GBP', '0.00', 'http://www.asos.com/asos/asos-summer-mid-heels/prd/8825503'),
(40, 'Shoes', 'Glamorous D\'Orsay Yellow Cut Out Court Shoes', 'https://upload.wikimedia.org/wikipedia/commons/thumb/a/a8/Asos.svg/2000px-Asos.svg.png', '27.00', 'GBP', '0.00', 'http://www.asos.com/au/glamorous/glamorous-dorsay-yellow-cut-out-court-shoes/prd/8391295'),
(41, 'Shoes', 'ASOS SIMPLY Block Mid Heels', 'https://upload.wikimedia.org/wikipedia/commons/thumb/a/a8/Asos.svg/2000px-Asos.svg.png', '22.00', 'GBP', '0.00', 'http://www.asos.com/asos/asos-simply-block-mid-heels/prd/8668644'),
(42, 'Shoes', 'True Decadence Metallic Heeled Sandal', 'https://upload.wikimedia.org/wikipedia/commons/thumb/a/a8/Asos.svg/2000px-Asos.svg.png', '38.00', 'GBP', '0.00', 'http://www.asos.com/true-decadence/true-decadence-metallic-heeled-sandal/prd/8804199'),
(43, 'Shoes', 'Mango Red Pointed Court Shoe', 'https://upload.wikimedia.org/wikipedia/commons/thumb/a/a8/Asos.svg/2000px-Asos.svg.png', '35.99', 'GBP', '0.00', 'http://www.asos.com/mango/mango-red-pointed-court-shoe/prd/8683073'),
(44, 'Shoes', 'ASOS STRIKE Mid Heels', 'https://upload.wikimedia.org/wikipedia/commons/thumb/a/a8/Asos.svg/2000px-Asos.svg.png', '20.00', 'GBP', '0.00', 'http://www.asos.com/asos/asos-strike-mid-heels/prd/8825517'),
(45, 'Shoes', 'River Island Toe Post Embellished Jelly Flat Sandals', 'https://upload.wikimedia.org/wikipedia/commons/thumb/a/a8/Asos.svg/2000px-Asos.svg.png', '22.00', 'GBP', '0.00', 'http://www.asos.com/river-island/river-island-toe-post-embellished-jelly-flat-sandals/prd/8491141'),
(46, 'Shoes', 'ASOS SAGE Mid Heels', 'https://upload.wikimedia.org/wikipedia/commons/thumb/a/a8/Asos.svg/2000px-Asos.svg.png', '28.00', 'GBP', '0.00', 'http://www.asos.com/asos/asos-sage-mid-heels/prd/7480011'),
(47, 'Shoes', 'New Look Cross Front Pointed Heeled Shoes', 'https://upload.wikimedia.org/wikipedia/commons/thumb/a/a8/Asos.svg/2000px-Asos.svg.png', '25.99', 'GBP', '0.00', 'http://www.asos.com/new-look/new-look-cross-front-pointed-heeled-shoes/prd/8123295'),
(48, 'Shoes', 'New Look Shimmer 2-Part Low Heel Sandal', 'https://upload.wikimedia.org/wikipedia/commons/thumb/a/a8/Asos.svg/2000px-Asos.svg.png', '17.99', 'GBP', '0.00', 'http://www.asos.com/new-look/new-look-shimmer-2-part-low-heel-sandal/prd/9004596'),
(49, 'Shoes', 'ASOS FAITHFULLY Embellished Leather Flat Sandals', 'https://upload.wikimedia.org/wikipedia/commons/thumb/a/a8/Asos.svg/2000px-Asos.svg.png', '25.00', 'GBP', '0.00', 'http://www.asos.com/asos/asos-faithfully-embellished-leather-flat-sandals/prd/7792792'),
(50, 'Shoes', 'ASOS STORY BOOK Mid Heels', 'https://upload.wikimedia.org/wikipedia/commons/thumb/a/a8/Asos.svg/2000px-Asos.svg.png', '14.00', 'GBP', '0.00', 'http://www.asos.com/asos/asos-story-book-mid-heels/prd/8012717'),
(51, 'Shoes', 'ASOS PHANTOM High Heels', 'https://upload.wikimedia.org/wikipedia/commons/thumb/a/a8/Asos.svg/2000px-Asos.svg.png', '28.00', 'GBP', '0.00', 'http://www.asos.com/head-over-heels/head-over-heels-by-dune-allice-leopard-print-pointed-court-shoes/prd/8208508'),
(52, 'Shoes', 'ASOS HITCHED Bridal Embellished Heeled Sandals', 'https://upload.wikimedia.org/wikipedia/commons/thumb/a/a8/Asos.svg/2000px-Asos.svg.png', '48.00', 'GBP', '0.00', 'http://www.asos.com/asos/asos-hitched-bridal-embellished-heeled-sandals/prd/8630823'),
(53, 'Shoes', 'KG by Kurt Geiger Estha Strap Sparkle Court Shoes', 'https://upload.wikimedia.org/wikipedia/commons/thumb/a/a8/Asos.svg/2000px-Asos.svg.png', '120.00', 'GBP', '0.00', 'http://www.asos.com/kg-kurt-geiger/kg-by-kurt-geiger-estha-strap-sparkle-court-shoes/prd/8131480'),
(54, 'Shoes', 'True Decadence T-Bar Heeled Shoes', 'https://upload.wikimedia.org/wikipedia/commons/thumb/a/a8/Asos.svg/2000px-Asos.svg.png', '20.50', 'GBP', '0.00', 'http://www.asos.com/true-decadence/true-decadence-t-bar-heeled-shoes/prd/7649832'),
(55, 'Shoes', 'Head Over Heels by Dune Allice Leopard Print Pointed Court Shoes', 'https://upload.wikimedia.org/wikipedia/commons/thumb/a/a8/Asos.svg/2000px-Asos.svg.png', '50.00', 'GBP', '0.00', 'http://www.asos.com/head-over-heels/head-over-heels-by-dune-allice-leopard-print-pointed-court-shoes/prd/8208508');

-- --------------------------------------------------------

--
-- Table structure for table `tags`
--

DROP TABLE IF EXISTS `tags`;
CREATE TABLE IF NOT EXISTS `tags` (
  `id` int(11) NOT NULL AUTO_INCREMENT,
  `tag_name` varchar(200) NOT NULL,
  `product_name` varchar(200) NOT NULL,
  `product_id` int(11) NOT NULL,
  PRIMARY KEY (`id`),
  KEY `Foreign key` (`product_id`)
) ENGINE=InnoDB AUTO_INCREMENT=353 DEFAULT CHARSET=utf8;

--
-- Dumping data for table `tags`
--

INSERT INTO `tags` (`id`, `tag_name`, `product_name`, `product_id`) VALUES
(1, 'Top-Straps', 'Opaline Ballgown', 1),
(2, 'Back-Bare', 'Opaline Ballgown', 1),
(3, 'Skirt-ALine', 'Opaline Ballgown', 1),
(4, 'Short-Sleeves', 'Opaline Ballgown', 1),
(5, 'Modern', 'Opaline Ballgown', 1),
(6, 'Romantic', 'Opaline Ballgown', 1),
(7, 'Ivory', 'Opaline Ballgown', 1),
(8, 'Trail', 'Opaline Ballgown', 1),
(9, 'Top-illusion', 'Heritage Gown', 2),
(10, 'Back-Bare', 'Heritage Gown', 2),
(11, 'Skirt-ALine', 'Heritage Gown', 2),
(12, 'Short-Sleeves', 'Heritage Gown', 2),
(13, 'Classic', 'Heritage Gown', 2),
(14, 'Romantic', 'Heritage Gown', 2),
(15, 'Champane', 'Heritage Gown', 2),
(16, 'Top-Highneck', 'Jayne Dress', 3),
(17, 'Back-Open', 'Jayne Dress', 3),
(18, 'Skirt-ALine', 'Jayne Dress', 3),
(19, 'Skirt-Empire', 'Jayne Dress', 3),
(20, 'Short-Sleeves', 'Jayne Dress', 3),
(21, 'Romantic', 'Jayne Dress', 3),
(22, 'White', 'Jayne Dress', 3),
(23, 'Belt', 'Jayne Dress', 3),
(24, 'Top-Strapless', 'Dakota Gown', 4),
(25, 'Back-Bare', 'Dakota Gown', 4),
(26, 'Skirt-Mermaid', 'Dakota Gown', 4),
(27, 'Short-Sleeves', 'Dakota Gown', 4),
(28, 'Classic', 'Dakota Gown', 4),
(29, 'White', 'Dakota Gown', 4),
(30, 'Trail', 'Dakota Gown', 4),
(31, 'Top-Uneck', 'Lucca Gown', 5),
(32, 'Back-Open', 'Lucca Gown', 5),
(33, 'Skirt-Empire', 'Lucca Gown', 5),
(34, 'Long-Sleeves', 'Lucca Gown', 5),
(35, 'Romatic', 'Lucca Gown', 5),
(36, 'Boho', 'Lucca Gown', 5),
(37, 'Ivory', 'Lucca Gown', 5),
(38, 'Top-Uneck', 'Placid Gown', 6),
(39, 'Back-Close', 'Placid Gown', 6),
(40, 'Skirt-WithSlit', 'Placid Gown', 6),
(41, 'Short-Sleeves', 'Placid Gown', 6),
(42, 'Belt', 'Placid Gown', 6),
(43, 'Boho', 'Placid Gown', 6),
(44, 'Ivory', 'Placid Gown', 6),
(45, 'Top-Strapless', 'Rowena Gown', 7),
(46, 'Back-Bare', 'Rowena Gown', 7),
(47, 'Skirt-BallGown', 'Rowena Gown', 7),
(48, 'Short-Sleeves', 'Rowena Gown', 7),
(49, 'Belt', 'Rowena Gown', 7),
(50, 'Romantic', 'Rowena Gown', 7),
(51, 'Ivory', 'Rowena Gown', 7),
(52, 'Top-OffShoulder', 'Sascha Gown', 8),
(53, 'Back-Bare', 'Sascha Gown', 8),
(54, 'Skirt-Mermaid', 'Sascha Gown', 8),
(55, 'Short-Sleeves', 'Sascha Gown', 8),
(56, 'Long-Sleeves', 'Sascha Gown', 8),
(57, 'Modern', 'Sascha Gown', 8),
(58, 'White', 'Sascha Gown', 8),
(59, 'Trail', 'Sascha Gown', 8),
(60, 'Top-Highneck', 'Bridgette Gown', 9),
(61, 'Back-Close', 'Bridgette Gown', 9),
(62, 'Skirt-Mermaid', 'Bridgette Gown', 9),
(63, 'Short-Sleeves', 'Bridgette Gown', 9),
(64, 'Long-Sleeves', 'Bridgette Gown', 9),
(65, 'Vintage', 'Bridgette Gown', 9),
(66, 'Modest', 'Bridgette Gown', 9),
(67, 'Champagne', 'Bridgette Gown', 9),
(68, 'Belt', 'Bridgette Gown', 9),
(69, 'Top-Strapless', 'Adelaide Gown', 10),
(70, 'Back-Bare', 'Adelaide Gown', 10),
(71, 'Skirt-Mermaid', 'Adelaide Gown', 10),
(72, 'Short-Sleeves', 'Adelaide Gown', 10),
(73, 'Romantic', 'Adelaide Gown', 10),
(74, 'Ivory', 'Adelaide Gown', 10),
(75, 'Trail', 'Adelaide Gown', 10),
(76, 'Top-Straps', 'Naya Dress', 11),
(77, 'Back-Bare', 'Naya Dress', 11),
(78, 'Skirt-Aline', 'Naya Dress', 11),
(79, 'Skirt-Empire', 'Naya Dress', 11),
(80, 'Short-Sleeves', 'Naya Dress', 11),
(81, 'Romantic', 'Naya Dress', 11),
(82, 'White', 'Naya Dress', 11),
(83, 'Nude', 'Naya Dress', 11),
(84, 'Studs', 'Naya Dress', 11),
(85, 'Top-OffShoulder', 'Avalon Gown', 12),
(86, 'Top-Halter', 'Avalon Gown', 12),
(87, 'Back-Open', 'Avalon Gown', 12),
(88, 'Skirt-Empire', 'Avalon Gown', 12),
(89, 'Short-Sleeves', 'Avalon Gown', 12),
(90, 'Rustic', 'Avalon Gown', 12),
(91, 'Boho', 'Avalon Gown', 12),
(92, 'Ivory', 'Avalon Gown', 12),
(93, 'Top-Halter', 'Delancey Gown', 13),
(94, 'Back-Open', 'Delancey Gown', 13),
(95, 'Skirt-Empire', 'Delancey Gown', 13),
(96, 'Skirt-Aline', 'Delancey Gown', 13),
(97, 'Short-Sleeves', 'Delancey Gown', 13),
(98, 'Vintage', 'Delancey Gown', 13),
(99, 'Modern', 'Delancey Gown', 13),
(100, 'Pockets', 'Delancey Gown', 13),
(101, 'Ivory', 'Delancey Gown', 13),
(102, 'Top-Uneck', 'Kennedy Gown', 14),
(103, 'Back-Close', 'Kennedy Gown', 14),
(104, 'Skirt-Empire', 'Kennedy Gown', 14),
(105, 'Skirt-TeaLength', 'Kennedy Gown', 14),
(106, 'Long-Sleeves', 'Kennedy Gown', 14),
(107, 'Vintage', 'Kennedy Gown', 14),
(108, 'Pinks', 'Kennedy Gown', 14),
(109, 'Pockets', 'Kennedy Gown', 14),
(110, 'Belt', 'Kennedy Gown', 14),
(111, 'Top-Highneck', 'Sydney Top & Marcie Skirt', 15),
(112, 'Back-Close', 'Sydney Top & Marcie Skirt', 15),
(113, 'Skirt-TeaLength', 'Sydney Top & Marcie Skirt', 15),
(114, 'Short-Sleeves', 'Sydney Top & Marcie Skirt', 15),
(115, 'Vintage', 'Sydney Top & Marcie Skirt', 15),
(116, 'White', 'Sydney Top & Marcie Skirt', 15),
(117, 'Two-pieces', 'Sydney Top & Marcie Skirt', 15),
(118, 'Top-Asymmetric', 'Gwyneth Dress', 16),
(119, 'Back-Open', 'Gwyneth Dress', 16),
(120, 'Skirt-Empire', 'Gwyneth Dress', 16),
(121, 'Short-Sleeves', 'Gwyneth Dress', 16),
(122, 'Modern', 'Gwyneth Dress', 16),
(123, 'Ivory', 'Gwyneth Dress', 16),
(124, 'Top-Highneck', 'Michelle Dress', 17),
(125, 'Back-Close', 'Michelle Dress', 17),
(126, 'Skirt-WithSlit', 'Michelle Dress', 17),
(127, 'Short-Sleeves', 'Michelle Dress', 17),
(128, 'Modern', 'Michelle Dress', 17),
(129, 'White', 'Michelle Dress', 17),
(130, 'ColorTouches', 'Michelle Dress', 17),
(131, 'Top-Uneck', 'Turner Gown', 19),
(132, 'Back-Close', 'Turner Gown', 19),
(133, 'Skirt-Empire', 'Turner Gown', 19),
(134, 'Long-Sleeves', 'Turner Gown', 19),
(135, 'Modern', 'Turner Gown', 19),
(136, 'Ivory', 'Turner Gown', 19),
(137, 'Studs', 'Turner Gown', 19),
(138, 'Belt', 'Turner Gown', 19),
(139, 'Top-Highneck', 'Lena Dress', 20),
(140, 'Top-SpecialSleeves', 'Lena Dress', 20),
(141, 'Back-Close', 'Lena Dress', 20),
(142, 'Skirt-WithSlit', 'Lena Dress', 20),
(143, 'Short-Sleeves', 'Lena Dress', 20),
(144, 'Modern', 'Lena Dress', 20),
(145, 'Rustic', 'Lena Dress', 20),
(146, 'Blues', 'Lena Dress', 20),
(147, 'Greens', 'Lena Dress', 20),
(148, 'Top-Highneck', 'Selina Dress', 21),
(149, 'Back-Open', 'Selina Dress', 21),
(150, 'Skirt-Empire', 'Selina Dress', 21),
(151, 'Short-Sleeves', 'Selina Dress', 21),
(152, 'Romantic', 'Selina Dress', 21),
(153, 'Classic', 'Selina Dress', 21),
(154, 'Modern', 'Selina Dress', 21),
(155, 'Reds', 'Selina Dress', 21),
(156, 'Top-Halter', 'Scarlett Dress', 22),
(157, 'Back-Close', 'Scarlett Dress', 22),
(158, 'Skirt-ALine', 'Scarlett Dress', 22),
(159, 'Short-Sleeves', 'Scarlett Dress', 22),
(160, 'Romantic', 'Scarlett Dress', 22),
(161, 'Pinks', 'Scarlett Dress', 22),
(162, 'Studs', 'Scarlett Dress', 22),
(163, 'Top-Halter', 'Lazy Daisy Dress', 23),
(164, 'Back-Close', 'Lazy Daisy Dress', 23),
(165, 'Skirt-TeaLength', 'Lazy Daisy Dress', 23),
(166, 'Short-Sleeves', 'Lazy Daisy Dress', 23),
(167, 'Modern', 'Lazy Daisy Dress', 23),
(168, 'Colorful', 'Lazy Daisy Dress', 23),
(169, 'Blues', 'Lazy Daisy Dress', 23),
(170, 'Top-Strapless', 'Tess Dress', 24),
(171, 'Back-Bare', 'Tess Dress', 24),
(172, 'Skirt-Mermaid', 'Tess Dress', 24),
(173, 'Short-Sleeves', 'Tess Dress', 24),
(174, 'Romantic', 'Tess Dress', 24),
(175, 'Classic', 'Tess Dress', 24),
(176, 'Greens', 'Tess Dress', 24),
(177, 'Top-OffShoulder', 'Mareeka Dress', 25),
(178, 'Top-SpecialSleeves', 'Mareeka Dress', 25),
(179, 'Back-Open', 'Mareeka Dress', 25),
(180, 'Skirt-withSlit', 'Mareeka Dress', 25),
(181, 'Short-Sleeves', 'Mareeka Dress', 25),
(182, 'Boho', 'Mareeka Dress', 25),
(183, 'Trail', 'Mareeka Dress', 25),
(184, 'Blacks', 'Mareeka Dress', 25),
(185, 'Top-Straps', 'Cydney Dress', 26),
(186, 'Back-Open', 'Cydney Dress', 26),
(187, 'Skirt-ALine', 'Cydney Dress', 26),
(188, 'Short-Sleeves', 'Cydney Dress', 26),
(189, 'Romantic', 'Cydney Dress', 26),
(190, 'Champlagne', 'Cydney Dress', 26),
(191, 'Belt', 'Cydney Dress', 26),
(192, 'Pockets', 'Cydney Dress', 26),
(193, 'Top-Straps', 'Brigitte Dress', 27),
(194, 'Back-Open', 'Brigitte Dress', 27),
(195, 'Skirt-Empire', 'Brigitte Dress', 27),
(196, 'Short-Sleeves', 'Brigitte Dress', 27),
(197, 'Modern', 'Brigitte Dress', 27),
(198, 'Yellows', 'Brigitte Dress', 27),
(199, 'Top-Uneck', 'Calypso Dress', 28),
(200, 'Back-Close', 'Calypso Dress', 28),
(201, 'Skirt-Empire', 'Calypso Dress', 28),
(202, 'Short-Sleeves', 'Calypso Dress', 28),
(203, 'Modern', 'Calypso Dress', 28),
(204, 'Rustic', 'Calypso Dress', 28),
(205, 'Blues', 'Calypso Dress', 28),
(206, 'Belt', 'Calypso Dress', 28),
(207, 'Top-Strapless', 'Luciana Dress', 29),
(208, 'Back-Open', 'Luciana Dress', 29),
(209, 'Skirt-Aline', 'Luciana Dress', 29),
(210, 'Short-Sleeves', 'Luciana Dress', 29),
(211, 'Modern', 'Luciana Dress', 29),
(212, 'Colorful', 'Luciana Dress', 29),
(213, 'Reds', 'Luciana Dress', 29),
(214, 'Top-Straps', 'Karlie Dress', 30),
(215, 'Back-Open', 'Karlie Dress', 30),
(216, 'Skirt-Empire', 'Karlie Dress', 30),
(217, 'Short-Sleeves', 'Karlie Dress', 30),
(218, 'Romantic', 'Karlie Dress', 30),
(219, 'Blues', 'Karlie Dress', 30),
(220, 'Grays', 'Karlie Dress', 30),
(221, 'Blacks', 'Karlie Dress', 30),
(222, 'Belt', 'Karlie Dress', 30),
(223, 'Top-Uneck', 'Hibiscus Dress', 31),
(224, 'Back-Open', 'Hibiscus Dress', 31),
(225, 'Skirt-Aline', 'Hibiscus Dress', 31),
(226, 'Short-Sleeves', 'Hibiscus Dress', 31),
(227, 'Romantic', 'Hibiscus Dress', 31),
(228, 'Blues', 'Hibiscus Dress', 31),
(229, 'Grays', 'Hibiscus Dress', 31),
(230, 'Top-Highneck', 'Hewitt Dress', 32),
(231, 'Back-Bare', 'Hewitt Dress', 32),
(232, 'Skirt-WithSlit', 'Hewitt Dress', 32),
(233, 'Short-Sleeves', 'Hewitt Dress', 32),
(234, 'Modern', 'Hewitt Dress', 32),
(235, 'Boho', 'Hewitt Dress', 32),
(236, 'Blacks', 'Hewitt Dress', 32),
(237, 'Colorful', 'Hewitt Dress', 32),
(238, 'Top-Highneck', 'Nevado Dress', 33),
(239, 'Back-Close', 'Nevado Dress', 33),
(240, 'Skirt-TeaLength', 'Nevado Dress', 33),
(241, 'Skirt-Mermaid', 'Nevado Dress', 33),
(242, 'Short-Sleeves', 'Nevado Dress', 33),
(243, 'Modern', 'Nevado Dress', 33),
(244, 'Blues', 'Nevado Dress', 33),
(245, 'Top-Highneck', 'Amada Dress', 34),
(246, 'Back-Close', 'Amada Dress', 34),
(247, 'Skirt-Empire', 'Amada Dress', 34),
(248, 'Short-Sleeves', 'Amada Dress', 34),
(249, 'Modern', 'Amada Dress', 34),
(250, 'Pinks', 'Amada Dress', 34),
(251, 'Studs', 'Amada Dress', 34),
(252, 'Top-Straps', 'Ansel Dress', 35),
(253, 'Back-Bare', 'Ansel Dress', 35),
(254, 'Skirt-WithSlit', 'Ansel Dress', 35),
(255, 'Short-Sleeves', 'Ansel Dress', 35),
(256, 'Modern', 'Ansel Dress', 35),
(257, 'Blues', 'Ansel Dress', 35),
(258, 'Top-Uneck', 'Sabrina Dress', 36),
(259, 'Back-Open', 'Sabrina Dress', 36),
(260, 'Skirt-TeaLength', 'Sabrina Dress', 36),
(261, 'Short-Sleeves', 'Sabrina Dress', 36),
(262, 'Classic', 'Sabrina Dress', 36),
(263, 'Vintage', 'Sabrina Dress', 36),
(264, 'Blacks', 'Sabrina Dress', 36),
(265, 'Colorful', 'Sabrina Dress', 36),
(266, 'Top-SpecialSleeves', 'Kane Dress', 37),
(267, 'Top-OffShoulder', 'Kane Dress', 37),
(268, 'Back-Open', 'Kane Dress', 37),
(269, 'Skirt-WithSlit', 'Kane Dress', 37),
(270, 'Short-Sleeves', 'Kane Dress', 37),
(271, 'Rustic', 'Kane Dress', 37),
(272, 'Modern', 'Kane Dress', 37),
(273, 'Blues', 'Kane Dress', 37),
(274, 'Purple', 'Kane Dress', 37),
(275, 'High-Heels', 'True Decadence Off White Embellished T-Bar Court Shoes', 38),
(276, 'Studs', 'True Decadence Off White Embellished T-Bar Court Shoes', 38),
(277, 'White', 'True Decadence Off White Embellished T-Bar Court Shoes', 38),
(278, 'Mid-heels', 'ASOS SUMMER Mid Heels', 39),
(279, 'Romantic', 'ASOS SUMMER Mid Heels', 39),
(280, 'Classic', 'ASOS SUMMER Mid Heels', 39),
(281, 'Silver', 'ASOS SUMMER Mid Heels', 39),
(282, 'High-heels', 'Glamorous D\'Orsay Yellow Cut Out Court Shoes', 40),
(283, 'Romantic', 'Glamorous D\'Orsay Yellow Cut Out Court Shoes', 40),
(284, 'Yellow', 'Glamorous D\'Orsay Yellow Cut Out Court Shoes', 40),
(285, 'Mid-heels', 'ASOS SIMPLY Block Mid Heels', 41),
(286, 'Vintage', 'ASOS SIMPLY Block Mid Heels', 41),
(287, 'Classic', 'ASOS SIMPLY Block Mid Heels', 41),
(288, 'Silver', 'ASOS SIMPLY Block Mid Heels', 41),
(289, 'Gold', 'ASOS SIMPLY Block Mid Heels', 41),
(290, 'High-heels', 'True Decadence Metallic Heeled Sandal', 42),
(291, 'Romantic', 'True Decadence Metallic Heeled Sandal', 42),
(292, 'Classic', 'True Decadence Metallic Heeled Sandal', 42),
(293, 'Studs', 'True Decadence Metallic Heeled Sandal', 42),
(294, 'Pinks', 'True Decadence Metallic Heeled Sandal', 42),
(295, 'High-heels', 'Mango Red Pointed Court Shoe', 43),
(296, 'Modern', 'Mango Red Pointed Court Shoe', 43),
(297, 'Classic', 'Mango Red Pointed Court Shoe', 43),
(298, 'Reds', 'Mango Red Pointed Court Shoe', 43),
(299, 'Mid-heels', 'ASOS STRIKE Mid Heels', 44),
(300, 'Modern', 'ASOS STRIKE Mid Heels', 44),
(301, 'Pinks', 'ASOS STRIKE Mid Heels', 44),
(302, 'Flats', 'River Island Toe Post Embellished Jelly Flat Sandals', 45),
(303, 'Boho', 'River Island Toe Post Embellished Jelly Flat Sandals', 45),
(304, 'Rustic', 'River Island Toe Post Embellished Jelly Flat Sandals', 45),
(305, 'Silver', 'River Island Toe Post Embellished Jelly Flat Sandals', 45),
(306, 'Gold', 'River Island Toe Post Embellished Jelly Flat Sandals', 45),
(307, 'Studs', 'River Island Toe Post Embellished Jelly Flat Sandals', 45),
(308, 'Mid-heels', 'ASOS SAGE Mid Heels', 46),
(309, 'Classic', 'ASOS SAGE Mid Heels', 46),
(310, 'Silver', 'ASOS SAGE Mid Heels', 46),
(311, 'High-heels', 'New Look Cross Front Pointed Heeled Shoes', 47),
(312, 'Modern', 'New Look Cross Front Pointed Heeled Shoes', 47),
(313, 'White', 'New Look Cross Front Pointed Heeled Shoes', 47),
(314, 'Romantic', 'New Look Cross Front Pointed Heeled Shoes', 47),
(315, 'Mid-heels', 'New Look Shimmer 2-Part Low Heel Sandal', 48),
(316, 'Rustic', 'New Look Shimmer 2-Part Low Heel Sandal', 48),
(317, 'Classic', 'New Look Shimmer 2-Part Low Heel Sandal', 48),
(318, 'Silver', 'New Look Shimmer 2-Part Low Heel Sandal', 48),
(319, 'Flats', 'ASOS FAITHFULLY Embellished Leather Flat Sandals', 49),
(320, 'Rustic', 'ASOS FAITHFULLY Embellished Leather Flat Sandals', 49),
(321, 'Boho', 'ASOS FAITHFULLY Embellished Leather Flat Sandals', 49),
(322, 'Silver', 'ASOS FAITHFULLY Embellished Leather Flat Sandals', 49),
(323, 'White', 'ASOS FAITHFULLY Embellished Leather Flat Sandals', 49),
(324, 'Studs', 'ASOS FAITHFULLY Embellished Leather Flat Sandals', 49),
(325, 'Mid-heels', 'ASOS STORY BOOK Mid Heels', 50),
(326, 'Rustic', 'ASOS STORY BOOK Mid Heels', 50),
(327, 'Romantic', 'ASOS STORY BOOK Mid Heels', 50),
(328, 'Silver', 'ASOS STORY BOOK Mid Heels', 50),
(329, 'High-heels', 'ASOS PHANTOM High Heels', 51),
(330, 'Vintage', 'ASOS PHANTOM High Heels', 51),
(331, 'Classic', 'ASOS PHANTOM High Heels', 51),
(332, 'Gold', 'ASOS PHANTOM High Heels', 51),
(333, 'Silver', 'ASOS PHANTOM High Heels', 51),
(337, 'High-heels', 'ASOS HITCHED Bridal Embellished Heeled Sandals', 52),
(338, 'Studs', 'ASOS HITCHED Bridal Embellished Heeled Sandals', 52),
(339, 'Classic', 'ASOS HITCHED Bridal Embellished Heeled Sandals', 52),
(340, 'White', 'ASOS HITCHED Bridal Embellished Heeled Sandals', 52),
(341, 'High-heels', 'KG by Kurt Geiger Estha Strap Sparkle Court Shoes', 53),
(342, 'Romantic', 'KG by Kurt Geiger Estha Strap Sparkle Court Shoes', 53),
(343, 'Classic', 'KG by Kurt Geiger Estha Strap Sparkle Court Shoes', 53),
(344, 'Silver', 'KG by Kurt Geiger Estha Strap Sparkle Court Shoes', 53),
(346, 'High-heels', 'True Decadence T-Bar Heeled Shoes', 54),
(347, 'Champagne', 'True Decadence T-Bar Heeled Shoes', 54),
(348, 'Classic', 'True Decadence T-Bar Heeled Shoes', 54),
(349, 'Studs', 'True Decadence T-Bar Heeled Shoes', 54),
(350, 'High-Heels', 'Head Over Heels by Dune Allice Leopard Print Pointed Court Shoes', 55),
(351, 'Modern', 'Head Over Heels by Dune Allice Leopard Print Pointed Court Shoes', 55),
(352, 'Colorful', 'Head Over Heels by Dune Allice Leopard Print Pointed Court Shoes', 55);

-- --------------------------------------------------------

--
-- Table structure for table `users`
--

DROP TABLE IF EXISTS `users`;
CREATE TABLE IF NOT EXISTS `users` (
  `id` int(5) NOT NULL AUTO_INCREMENT,
  `email` varchar(30) CHARACTER SET utf8 COLLATE utf8_unicode_ci NOT NULL,
  `password` varchar(100) CHARACTER SET utf8 COLLATE utf8_unicode_ci NOT NULL,
  PRIMARY KEY (`id`)
) ENGINE=InnoDB AUTO_INCREMENT=1192 DEFAULT CHARSET=utf8;

--
-- Dumping data for table `users`
--

INSERT INTO `users` (`id`, `email`, `password`) VALUES
(1160, 'jordanhod@gmail.com', '$2a$10$B1nzlP78lOdZK.4YM6p8FOmu4fmJu1x0/UrqFYkFZUugIk//xo7GS'),
(1191, 'ehudzel@gmail.com', '$2a$10$oeMUj575i/EEnXHE/P7czeQ/bXE9/eVHJNhq1w.RdOrDguGvX4.Xy');

-- --------------------------------------------------------

--
-- Table structure for table `wishlists`
--

DROP TABLE IF EXISTS `wishlists`;
CREATE TABLE IF NOT EXISTS `wishlists` (
  `id` int(11) NOT NULL AUTO_INCREMENT,
  `user_id` int(11) NOT NULL,
  `product_id` int(11) NOT NULL,
  PRIMARY KEY (`id`),
  KEY `Foreign key2` (`product_id`),
  KEY `Foreign key` (`user_id`)
) ENGINE=InnoDB AUTO_INCREMENT=49 DEFAULT CHARSET=utf8;

--
-- Dumping data for table `wishlists`
--

INSERT INTO `wishlists` (`id`, `user_id`, `product_id`) VALUES
(28, 1191, 41),
(30, 1191, 3),
(42, 1160, 27),
(45, 1160, 29),
(46, 1160, 29),
(47, 1160, 24),
(48, 1160, 37);

--
-- Constraints for dumped tables
--

--
-- Constraints for table `pics`
--
ALTER TABLE `pics`
  ADD CONSTRAINT `pics_ibfk_1` FOREIGN KEY (`product_id`) REFERENCES `products` (`id`);

--
-- Constraints for table `tags`
--
ALTER TABLE `tags`
  ADD CONSTRAINT `tags_ibfk_1` FOREIGN KEY (`product_id`) REFERENCES `products` (`id`);

--
-- Constraints for table `wishlists`
--
ALTER TABLE `wishlists`
  ADD CONSTRAINT `wishlists_ibfk_1` FOREIGN KEY (`user_id`) REFERENCES `users` (`id`) ON DELETE CASCADE ON UPDATE CASCADE,
  ADD CONSTRAINT `wishlists_ibfk_2` FOREIGN KEY (`product_id`) REFERENCES `products` (`id`) ON DELETE CASCADE ON UPDATE CASCADE;
COMMIT;

/*!40101 SET CHARACTER_SET_CLIENT=@OLD_CHARACTER_SET_CLIENT */;
/*!40101 SET CHARACTER_SET_RESULTS=@OLD_CHARACTER_SET_RESULTS */;
/*!40101 SET COLLATION_CONNECTION=@OLD_COLLATION_CONNECTION */;
